"code","status","similarity","url"
"1","原本已一致","100%","https://www.hymnal.net/zh/hymn/ch/1"
"2","已修正換行","100%","https://www.hymnal.net/zh/hymn/ch/2"
"3","已修正換行","100%","https://www.hymnal.net/zh/hymn/ch/3"
"4","原本已一致","100%","https://www.hymnal.net/zh/hymn/ch/4"
"5","原本已一致","100%","https://www.hymnal.net/zh/hymn/ch/5"
"6","已修正換行","100%","https://www.hymnal.net/zh/hymn/ch/6"
"7","原本已一致","100%","https://www.hymnal.net/zh/hymn/ch/7"
"8","原本已一致","100%","https://www.hymnal.net/zh/hymn/ch/8"
"9","原本已一致","100%","https://www.hymnal.net/zh/hymn/ch/9"
"10","原本已一致","100%","https://www.hymnal.net/zh/hymn/ch/10"
"11","已修正換行","100%","https://www.hymnal.net/zh/hymn/ch/11"
"12","已修正換行","100%","https://www.hymnal.net/zh/hymn/ch/12"
"13","已修正換行","100%","https://www.hymnal.net/zh/hymn/ch/13"
"14","已修正換行","100%","https://www.hymnal.net/zh/hymn/ch/14"
"15","原本已一致","100%","https://www.hymnal.net/zh/hymn/ch/15"
"16","原本已一致","100%","https://www.hymnal.net/zh/hymn/ch/16"
"17","原本已一致","100%","https://www.hymnal.net/zh/hymn/ch/17"
"18","原本已一致","100%","https://www.hymnal.net/zh/hymn/ch/18"
"19","原本已一致","100%","https://www.hymnal.net/zh/hymn/ch/19"
"20","已修正換行","100%","https://www.hymnal.net/zh/hymn/ch/20"
"21","原本已一致","100%","https://www.hymnal.net/zh/hymn/ch/21"
"22","原本已一致","100%","https://www.hymnal.net/zh/hymn/ch/22"
"23","原本已一致","100%","https://www.hymnal.net/zh/hymn/ch/23"
"24","已修正換行","100%","https://www.hymnal.net/zh/hymn/ch/24"
"25","原本已一致","100%","https://www.hymnal.net/zh/hymn/ch/25"
"26","原本已一致","100%","https://www.hymnal.net/zh/hymn/ch/26"
"27","逐節比對不足，未修改","","https://www.hymnal.net/zh/hymn/ch/27"
"28","原本已一致","100%","https://www.hymnal.net/zh/hymn/ch/28"
"29","原本已一致","100%","https://www.hymnal.net/zh/hymn/ch/29"
"30","原本已一致","100%","https://www.hymnal.net/zh/hymn/ch/30"
"31","原本已一致","100%","https://www.hymnal.net/zh/hymn/ch/31"
"32","原本已一致","100%","https://www.hymnal.net/zh/hymn/ch/32"
"33","原本已一致","100%","https://www.hymnal.net/zh/hymn/ch/33"
"34","已修正換行","100%","https://www.hymnal.net/zh/hymn/ch/34"
"35","已修正換行","100%","https://www.hymnal.net/zh/hymn/ch/35"
"36","已修正換行","100%","https://www.hymnal.net/zh/hymn/ch/36"
"37","原本已一致","100%","https://www.hymnal.net/zh/hymn/ch/37"
"38","原本已一致","99.6%","https://www.hymnal.net/zh/hymn/ch/38"
"39","已修正換行","100%","https://www.hymnal.net/zh/hymn/ch/39"
"40","原本已一致","99.3%","https://www.hymnal.net/zh/hymn/ch/40"
"41","原本已一致","100%","https://www.hymnal.net/zh/hymn/ch/41"
"42","原本已一致","100%","https://www.hymnal.net/zh/hymn/ch/42"
"43","原本已一致","100%","https://www.hymnal.net/zh/hymn/ch/43"
"44","原本已一致","100%","https://www.hymnal.net/zh/hymn/ch/44"
"45","已修正換行","100%","https://www.hymnal.net/zh/hymn/ch/45"
"46","逐節比對不足，未修改","","https://www.hymnal.net/zh/hymn/ch/46"
"47","原本已一致","100%","https://www.hymnal.net/zh/hymn/ch/47"
"48","已修正換行","100%","https://www.hymnal.net/zh/hymn/ch/48"
"49","已修正換行","100%","https://www.hymnal.net/zh/hymn/ch/49"
"50","已修正換行","100%","https://www.hymnal.net/zh/hymn/ch/50"
"51","已修正換行","100%","https://www.hymnal.net/zh/hymn/ch/51"
"52","已修正換行","100%","https://www.hymnal.net/zh/hymn/ch/52"
"53","已修正換行","100%","https://www.hymnal.net/zh/hymn/ch/53"
"54","原本已一致","100%","https://www.hymnal.net/zh/hymn/ch/54"
"55","原本已一致","100%","https://www.hymnal.net/zh/hymn/ch/55"
"56","已修正換行","100%","https://www.hymnal.net/zh/hymn/ch/56"
"57","原本已一致","100%","https://www.hymnal.net/zh/hymn/ch/57"
"58","原本已一致","100%","https://www.hymnal.net/zh/hymn/ch/58"
"59","逐節比對不足，未修改","","https://www.hymnal.net/zh/hymn/ch/59"
"60","原本已一致","100%","https://www.hymnal.net/zh/hymn/ch/60"
"61","已修正換行","100%","https://www.hymnal.net/zh/hymn/ch/61"
"62","原本已一致","100%","https://www.hymnal.net/zh/hymn/ch/62"
"63","原本已一致","100%","https://www.hymnal.net/zh/hymn/ch/63"
"64","已修正換行","100%","https://www.hymnal.net/zh/hymn/ch/64"
"65","已修正換行","99.3%","https://www.hymnal.net/zh/hymn/ch/65"
"66","已修正換行","100%","https://www.hymnal.net/zh/hymn/ch/66"
"67","已修正換行","100%","https://www.hymnal.net/zh/hymn/ch/67"
"68","已修正換行","100%","https://www.hymnal.net/zh/hymn/ch/68"
"69","原本已一致","100%","https://www.hymnal.net/zh/hymn/ch/69"
"70","已修正換行","100%","https://www.hymnal.net/zh/hymn/ch/70"
"71","原本已一致","100%","https://www.hymnal.net/zh/hymn/ch/71"
"72","原本已一致","100%","https://www.hymnal.net/zh/hymn/ch/72"
"73","原本已一致","100%","https://www.hymnal.net/zh/hymn/ch/73"
"74","已修正換行","100%","https://www.hymnal.net/zh/hymn/ch/74"
"75","已修正換行","100%","https://www.hymnal.net/zh/hymn/ch/75"
"76","原本已一致","100%","https://www.hymnal.net/zh/hymn/ch/76"
"77","原本已一致","100%","https://www.hymnal.net/zh/hymn/ch/77"
"78","原本已一致","100%","https://www.hymnal.net/zh/hymn/ch/78"
"79","原本已一致","100%","https://www.hymnal.net/zh/hymn/ch/79"
"80","已修正換行","100%","https://www.hymnal.net/zh/hymn/ch/80"
"81","原本已一致","100%","https://www.hymnal.net/zh/hymn/ch/81"
"82","原本已一致","100%","https://www.hymnal.net/zh/hymn/ch/82"
"83","原本已一致","100%","https://www.hymnal.net/zh/hymn/ch/83"
"84","原本已一致","99.3%","https://www.hymnal.net/zh/hymn/ch/84"
"85","原本已一致","100%","https://www.hymnal.net/zh/hymn/ch/85"
"86","已修正換行","100%","https://www.hymnal.net/zh/hymn/ch/86"
"87","已修正換行","100%","https://www.hymnal.net/zh/hymn/ch/87"
"88","已修正換行","100%","https://www.hymnal.net/zh/hymn/ch/88"
"89","原本已一致","100%","https://www.hymnal.net/zh/hymn/ch/89"
"90","原本已一致","100%","https://www.hymnal.net/zh/hymn/ch/90"
"91","原本已一致","99.5%","https://www.hymnal.net/zh/hymn/ch/91"
"92","原本已一致","100%","https://www.hymnal.net/zh/hymn/ch/92"
"93","原本已一致","100%","https://www.hymnal.net/zh/hymn/ch/93"
"94","已修正換行","100%","https://www.hymnal.net/zh/hymn/ch/94"
"95","已修正換行","100%","https://www.hymnal.net/zh/hymn/ch/95"
"96","原本已一致","100%","https://www.hymnal.net/zh/hymn/ch/96"
"97","已修正換行","100%","https://www.hymnal.net/zh/hymn/ch/97"
"98","原本已一致","100%","https://www.hymnal.net/zh/hymn/ch/98"
"99","已修正換行","100%","https://www.hymnal.net/zh/hymn/ch/99"
"100","原本已一致","100%","https://www.hymnal.net/zh/hymn/ch/100"
"101","已修正換行","100%","https://www.hymnal.net/zh/hymn/ch/101"
"102","原本已一致","100%","https://www.hymnal.net/zh/hymn/ch/102"
"103","原本已一致","99.5%","https://www.hymnal.net/zh/hymn/ch/103"
"104","原本已一致","100%","https://www.hymnal.net/zh/hymn/ch/104"
"105","原本已一致","100%","https://www.hymnal.net/zh/hymn/ch/105"
"106","已修正換行","100%","https://www.hymnal.net/zh/hymn/ch/106"
"107","原本已一致","100%","https://www.hymnal.net/zh/hymn/ch/107"
"108","原本已一致","100%","https://www.hymnal.net/zh/hymn/ch/108"
"109","原本已一致","100%","https://www.hymnal.net/zh/hymn/ch/109"
"110","已修正換行","100%","https://www.hymnal.net/zh/hymn/ch/110"
"111","原本已一致","100%","https://www.hymnal.net/zh/hymn/ch/111"
"112","原本已一致","100%","https://www.hymnal.net/zh/hymn/ch/112"
"113","原本已一致","100%","https://www.hymnal.net/zh/hymn/ch/113"
"114","原本已一致","100%","https://www.hymnal.net/zh/hymn/ch/114"
"115","原本已一致","100%","https://www.hymnal.net/zh/hymn/ch/115"
"116","原本已一致","100%","https://www.hymnal.net/zh/hymn/ch/116"
"117","已修正換行","100%","https://www.hymnal.net/zh/hymn/ch/117"
"118","原本已一致","100%","https://www.hymnal.net/zh/hymn/ch/118"
"119","原本已一致","100%","https://www.hymnal.net/zh/hymn/ch/119"
"120","原本已一致","100%","https://www.hymnal.net/zh/hymn/ch/120"
"121","原本已一致","100%","https://www.hymnal.net/zh/hymn/ch/121"
"122","原本已一致","100%","https://www.hymnal.net/zh/hymn/ch/122"
"123","原本已一致","100%","https://www.hymnal.net/zh/hymn/ch/123"
"124","原本已一致","100%","https://www.hymnal.net/zh/hymn/ch/124"
"125","原本已一致","100%","https://www.hymnal.net/zh/hymn/ch/125"
"126","已修正換行","100%","https://www.hymnal.net/zh/hymn/ch/126"
"127","已修正換行","100%","https://www.hymnal.net/zh/hymn/ch/127"
"128","原本已一致","100%","https://www.hymnal.net/zh/hymn/ch/128"
"129","原本已一致","99.4%","https://www.hymnal.net/zh/hymn/ch/129"
"130","已修正換行","100%","https://www.hymnal.net/zh/hymn/ch/130"
"131","原本已一致","100%","https://www.hymnal.net/zh/hymn/ch/131"
"132","已修正換行","100%","https://www.hymnal.net/zh/hymn/ch/132"
"133","原本已一致","100%","https://www.hymnal.net/zh/hymn/ch/133"
"134","已修正換行","99.5%","https://www.hymnal.net/zh/hymn/ch/134"
"135","原本已一致","100%","https://www.hymnal.net/zh/hymn/ch/135"
"136","已修正換行","100%","https://www.hymnal.net/zh/hymn/ch/136"
"137","原本已一致","100%","https://www.hymnal.net/zh/hymn/ch/137"
"138","已修正換行","100%","https://www.hymnal.net/zh/hymn/ch/138"
"139","原本已一致","100%","https://www.hymnal.net/zh/hymn/ch/139"
"140","已修正換行","100%","https://www.hymnal.net/zh/hymn/ch/140"
"141","已修正換行","100%","https://www.hymnal.net/zh/hymn/ch/141"
"142","原本已一致","100%","https://www.hymnal.net/zh/hymn/ch/142"
"143","原本已一致","100%","https://www.hymnal.net/zh/hymn/ch/143"
"144","原本已一致","100%","https://www.hymnal.net/zh/hymn/ch/144"
"145","原本已一致","100%","https://www.hymnal.net/zh/hymn/ch/145"
"146","原本已一致","100%","https://www.hymnal.net/zh/hymn/ch/146"
"147","原本已一致","100%","https://www.hymnal.net/zh/hymn/ch/147"
"148","已修正換行","100%","https://www.hymnal.net/zh/hymn/ch/148"
"149","原本已一致","100%","https://www.hymnal.net/zh/hymn/ch/149"
"150","原本已一致","100%","https://www.hymnal.net/zh/hymn/ch/150"
"151","已修正換行","100%","https://www.hymnal.net/zh/hymn/ch/151"
"152","逐節比對不足，未修改","","https://www.hymnal.net/zh/hymn/ch/152"
"153","原本已一致","100%","https://www.hymnal.net/zh/hymn/ch/153"
"154","原本已一致","100%","https://www.hymnal.net/zh/hymn/ch/154"
"155","原本已一致","99.7%","https://www.hymnal.net/zh/hymn/ch/155"
"156","原本已一致","100%","https://www.hymnal.net/zh/hymn/ch/156"
"157","已修正換行","100%","https://www.hymnal.net/zh/hymn/ch/157"
"158","原本已一致","100%","https://www.hymnal.net/zh/hymn/ch/158"
"159","已修正換行","100%","https://www.hymnal.net/zh/hymn/ch/159"
"160","已修正換行","100%","https://www.hymnal.net/zh/hymn/ch/160"
"161","原本已一致","100%","https://www.hymnal.net/zh/hymn/ch/161"
"162","已修正換行","100%","https://www.hymnal.net/zh/hymn/ch/162"
"163","原本已一致","100%","https://www.hymnal.net/zh/hymn/ch/163"
"164","原本已一致","100%","https://www.hymnal.net/zh/hymn/ch/164"
"165","原本已一致","100%","https://www.hymnal.net/zh/hymn/ch/165"
"166","原本已一致","100%","https://www.hymnal.net/zh/hymn/ch/166"
"167","原本已一致","100%","https://www.hymnal.net/zh/hymn/ch/167"
"168","原本已一致","100%","https://www.hymnal.net/zh/hymn/ch/168"
"169","已修正換行","100%","https://www.hymnal.net/zh/hymn/ch/169"
"170","已修正換行","100%","https://www.hymnal.net/zh/hymn/ch/170"
"171","原本已一致","100%","https://www.hymnal.net/zh/hymn/ch/171"
"172","原本已一致","100%","https://www.hymnal.net/zh/hymn/ch/172"
"173","原本已一致","100%","https://www.hymnal.net/zh/hymn/ch/173"
"174","原本已一致","100%","https://www.hymnal.net/zh/hymn/ch/174"
"175","原本已一致","99.8%","https://www.hymnal.net/zh/hymn/ch/175"
"176","原本已一致","100%","https://www.hymnal.net/zh/hymn/ch/176"
"177","原本已一致","100%","https://www.hymnal.net/zh/hymn/ch/177"
"178","已修正換行","100%","https://www.hymnal.net/zh/hymn/ch/178"
"179","原本已一致","100%","https://www.hymnal.net/zh/hymn/ch/179"
"180","逐節比對不足，未修改","","https://www.hymnal.net/zh/hymn/ch/180"
"181","已修正換行","100%","https://www.hymnal.net/zh/hymn/ch/181"
"182","已修正換行","100%","https://www.hymnal.net/zh/hymn/ch/182"
"183","原本已一致","100%","https://www.hymnal.net/zh/hymn/ch/183"
"184","原本已一致","100%","https://www.hymnal.net/zh/hymn/ch/184"
"185","原本已一致","100%","https://www.hymnal.net/zh/hymn/ch/185"
"186","原本已一致","100%","https://www.hymnal.net/zh/hymn/ch/186"
"187","原本已一致","100%","https://www.hymnal.net/zh/hymn/ch/187"
"188","原本已一致","100%","https://www.hymnal.net/zh/hymn/ch/188"
"189","已修正換行","100%","https://www.hymnal.net/zh/hymn/ch/189"
"190","已修正換行","100%","https://www.hymnal.net/zh/hymn/ch/190"
"191","原本已一致","100%","https://www.hymnal.net/zh/hymn/ch/191"
"192","已修正換行","100%","https://www.hymnal.net/zh/hymn/ch/192"
"193","原本已一致","100%","https://www.hymnal.net/zh/hymn/ch/193"
"194","原本已一致","100%","https://www.hymnal.net/zh/hymn/ch/194"
"195","已修正換行","100%","https://www.hymnal.net/zh/hymn/ch/195"
"196","原本已一致","100%","https://www.hymnal.net/zh/hymn/ch/196"
"197","已修正換行","100%","https://www.hymnal.net/zh/hymn/ch/197"
"198","原本已一致","100%","https://www.hymnal.net/zh/hymn/ch/198"
"199","原本已一致","100%","https://www.hymnal.net/zh/hymn/ch/199"
"200","原本已一致","100%","https://www.hymnal.net/zh/hymn/ch/200"
"201","原本已一致","100%","https://www.hymnal.net/zh/hymn/ch/201"
"202","已修正換行","100%","https://www.hymnal.net/zh/hymn/ch/202"
"203","已修正換行","100%","https://www.hymnal.net/zh/hymn/ch/203"
"204","已修正換行","100%","https://www.hymnal.net/zh/hymn/ch/204"
"205","已修正換行","100%","https://www.hymnal.net/zh/hymn/ch/205"
"206","已修正換行","100%","https://www.hymnal.net/zh/hymn/ch/206"
"207","已修正換行","100%","https://www.hymnal.net/zh/hymn/ch/207"
"208","已修正換行","100%","https://www.hymnal.net/zh/hymn/ch/208"
"209","原本已一致","99.4%","https://www.hymnal.net/zh/hymn/ch/209"
"210","已修正換行","100%","https://www.hymnal.net/zh/hymn/ch/210"
"211","原本已一致","100%","https://www.hymnal.net/zh/hymn/ch/211"
"212","已修正換行","100%","https://www.hymnal.net/zh/hymn/ch/212"
"213","已修正換行","100%","https://www.hymnal.net/zh/hymn/ch/213"
"214","已修正換行","100%","https://www.hymnal.net/zh/hymn/ch/214"
"215","已修正換行","100%","https://www.hymnal.net/zh/hymn/ch/215"
"216","原本已一致","100%","https://www.hymnal.net/zh/hymn/ch/216"
"217","已修正換行","100%","https://www.hymnal.net/zh/hymn/ch/217"
"218","已修正換行","100%","https://www.hymnal.net/zh/hymn/ch/218"
"219","已修正換行","100%","https://www.hymnal.net/zh/hymn/ch/219"
"220","原本已一致","100%","https://www.hymnal.net/zh/hymn/ch/220"
"221","原本已一致","100%","https://www.hymnal.net/zh/hymn/ch/221"
"222","已修正換行","100%","https://www.hymnal.net/zh/hymn/ch/222"
"223","原本已一致","100%","https://www.hymnal.net/zh/hymn/ch/223"
"224","原本已一致","100%","https://www.hymnal.net/zh/hymn/ch/224"
"225","已修正換行","100%","https://www.hymnal.net/zh/hymn/ch/225"
"226","原本已一致","100%","https://www.hymnal.net/zh/hymn/ch/226"
"227","已修正換行","100%","https://www.hymnal.net/zh/hymn/ch/227"
"228","已修正換行","100%","https://www.hymnal.net/zh/hymn/ch/228"
"229","原本已一致","100%","https://www.hymnal.net/zh/hymn/ch/229"
"230","已修正換行","100%","https://www.hymnal.net/zh/hymn/ch/230"
"231","已修正換行","100%","https://www.hymnal.net/zh/hymn/ch/231"
"232","原本已一致","100%","https://www.hymnal.net/zh/hymn/ch/232"
"233","已修正換行","100%","https://www.hymnal.net/zh/hymn/ch/233"
"234","已修正換行","100%","https://www.hymnal.net/zh/hymn/ch/234"
"235","原本已一致","100%","https://www.hymnal.net/zh/hymn/ch/235"
"236","已修正換行","100%","https://www.hymnal.net/zh/hymn/ch/236"
"237","原本已一致","99.5%","https://www.hymnal.net/zh/hymn/ch/237"
"238","已修正換行","100%","https://www.hymnal.net/zh/hymn/ch/238"
"239","原本已一致","100%","https://www.hymnal.net/zh/hymn/ch/239"
"240","原本已一致","100%","https://www.hymnal.net/zh/hymn/ch/240"
"241","已修正換行","100%","https://www.hymnal.net/zh/hymn/ch/241"
"242","原本已一致","100%","https://www.hymnal.net/zh/hymn/ch/242"
"243","已修正換行","100%","https://www.hymnal.net/zh/hymn/ch/243"
"244","已修正換行","100%","https://www.hymnal.net/zh/hymn/ch/244"
"245","原本已一致","100%","https://www.hymnal.net/zh/hymn/ch/245"
"246","已修正換行","100%","https://www.hymnal.net/zh/hymn/ch/246"
"247","原本已一致","100%","https://www.hymnal.net/zh/hymn/ch/247"
"248","已修正換行","100%","https://www.hymnal.net/zh/hymn/ch/248"
"249","已修正換行","100%","https://www.hymnal.net/zh/hymn/ch/249"
"250","原本已一致","100%","https://www.hymnal.net/zh/hymn/ch/250"
"251","已修正換行","100%","https://www.hymnal.net/zh/hymn/ch/251"
"252","已修正換行","100%","https://www.hymnal.net/zh/hymn/ch/252"
"253","已修正換行","100%","https://www.hymnal.net/zh/hymn/ch/253"
"254","已修正換行","100%","https://www.hymnal.net/zh/hymn/ch/254"
"255","已修正換行","100%","https://www.hymnal.net/zh/hymn/ch/255"
"256","已修正換行","100%","https://www.hymnal.net/zh/hymn/ch/256"
"257","已修正換行","100%","https://www.hymnal.net/zh/hymn/ch/257"
"258","已修正換行","100%","https://www.hymnal.net/zh/hymn/ch/258"
"259","已修正換行","100%","https://www.hymnal.net/zh/hymn/ch/259"
"260","原本已一致","100%","https://www.hymnal.net/zh/hymn/ch/260"
"261","原本已一致","100%","https://www.hymnal.net/zh/hymn/ch/261"
"262","已修正換行","100%","https://www.hymnal.net/zh/hymn/ch/262"
"263","已修正換行","100%","https://www.hymnal.net/zh/hymn/ch/263"
"264","原本已一致","100%","https://www.hymnal.net/zh/hymn/ch/264"
"265","已修正換行","100%","https://www.hymnal.net/zh/hymn/ch/265"
"266","原本已一致","100%","https://www.hymnal.net/zh/hymn/ch/266"
"267","已修正換行","100%","https://www.hymnal.net/zh/hymn/ch/267"
"268","已修正換行","100%","https://www.hymnal.net/zh/hymn/ch/268"
"269","原本已一致","100%","https://www.hymnal.net/zh/hymn/ch/269"
"270","已修正換行","100%","https://www.hymnal.net/zh/hymn/ch/270"
"271","已修正換行","100%","https://www.hymnal.net/zh/hymn/ch/271"
"272","原本已一致","95.3%","https://www.hymnal.net/zh/hymn/ch/272"
"273","已修正換行","100%","https://www.hymnal.net/zh/hymn/ch/273"
"274","原本已一致","100%","https://www.hymnal.net/zh/hymn/ch/274"
"275","原本已一致","100%","https://www.hymnal.net/zh/hymn/ch/275"
"276","已修正換行","100%","https://www.hymnal.net/zh/hymn/ch/276"
"277","已修正換行","100%","https://www.hymnal.net/zh/hymn/ch/277"
"278","已修正換行","100%","https://www.hymnal.net/zh/hymn/ch/278"
"279","原本已一致","99%","https://www.hymnal.net/zh/hymn/ch/279"
"280","原本已一致","100%","https://www.hymnal.net/zh/hymn/ch/280"
"281","原本已一致","100%","https://www.hymnal.net/zh/hymn/ch/281"
"282","原本已一致","100%","https://www.hymnal.net/zh/hymn/ch/282"
"283","已修正換行","100%","https://www.hymnal.net/zh/hymn/ch/283"
"284","逐節比對不足，未修改","","https://www.hymnal.net/zh/hymn/ch/284"
"285","已修正換行","100%","https://www.hymnal.net/zh/hymn/ch/285"
"286","已修正換行","100%","https://www.hymnal.net/zh/hymn/ch/286"
"287","已修正換行","100%","https://www.hymnal.net/zh/hymn/ch/287"
"288","已修正換行","100%","https://www.hymnal.net/zh/hymn/ch/288"
"289","原本已一致","100%","https://www.hymnal.net/zh/hymn/ch/289"
"290","已修正換行","100%","https://www.hymnal.net/zh/hymn/ch/290"
"291","已修正換行","100%","https://www.hymnal.net/zh/hymn/ch/291"
"292","已修正換行","100%","https://www.hymnal.net/zh/hymn/ch/292"
"293","已修正換行","100%","https://www.hymnal.net/zh/hymn/ch/293"
"294","原本已一致","100%","https://www.hymnal.net/zh/hymn/ch/294"
"295","原本已一致","100%","https://www.hymnal.net/zh/hymn/ch/295"
"296","已修正換行","100%","https://www.hymnal.net/zh/hymn/ch/296"
"297","已修正換行","100%","https://www.hymnal.net/zh/hymn/ch/297"
"298","已修正換行","100%","https://www.hymnal.net/zh/hymn/ch/298"
"299","原本已一致","99.4%","https://www.hymnal.net/zh/hymn/ch/299"
"300","原本已一致","100%","https://www.hymnal.net/zh/hymn/ch/300"
"301","已修正換行","100%","https://www.hymnal.net/zh/hymn/ch/301"
"302","原本已一致","100%","https://www.hymnal.net/zh/hymn/ch/302"
"303","已修正換行","100%","https://www.hymnal.net/zh/hymn/ch/303"
"304","逐節比對不足，未修改","","https://www.hymnal.net/zh/hymn/ch/304"
"305","原本已一致","99.8%","https://www.hymnal.net/zh/hymn/ch/305"
"306","已修正換行","100%","https://www.hymnal.net/zh/hymn/ch/306"
"307","已修正換行","100%","https://www.hymnal.net/zh/hymn/ch/307"
"308","逐節比對不足，未修改","","https://www.hymnal.net/zh/hymn/ch/308"
"309","原本已一致","100%","https://www.hymnal.net/zh/hymn/ch/309"
"310","原本已一致","100%","https://www.hymnal.net/zh/hymn/ch/310"
"311","原本已一致","100%","https://www.hymnal.net/zh/hymn/ch/311"
"312","逐節比對不足，未修改","","https://www.hymnal.net/zh/hymn/ch/312"
"313","已修正換行","100%","https://www.hymnal.net/zh/hymn/ch/313"
"314","原本已一致","100%","https://www.hymnal.net/zh/hymn/ch/314"
"315","原本已一致","99.5%","https://www.hymnal.net/zh/hymn/ch/315"
"316","已修正換行","99.9%","https://www.hymnal.net/zh/hymn/ch/316"
"317","原本已一致","100%","https://www.hymnal.net/zh/hymn/ch/317"
"318","原本已一致","100%","https://www.hymnal.net/zh/hymn/ch/318"
"319","已修正換行","100%","https://www.hymnal.net/zh/hymn/ch/319"
"320","原本已一致","100%","https://www.hymnal.net/zh/hymn/ch/320"
"321","已修正換行","99.5%","https://www.hymnal.net/zh/hymn/ch/321"
"322","原本已一致","99.2%","https://www.hymnal.net/zh/hymn/ch/322"
"323","原本已一致","99%","https://www.hymnal.net/zh/hymn/ch/323"
"324","已修正換行","100%","https://www.hymnal.net/zh/hymn/ch/324"
"325","原本已一致","100%","https://www.hymnal.net/zh/hymn/ch/325"
"326","原本已一致","100%","https://www.hymnal.net/zh/hymn/ch/326"
"327","原本已一致","100%","https://www.hymnal.net/zh/hymn/ch/327"
"328","原本已一致","100%","https://www.hymnal.net/zh/hymn/ch/328"
"329","已修正換行","100%","https://www.hymnal.net/zh/hymn/ch/329"
"330","原本已一致","100%","https://www.hymnal.net/zh/hymn/ch/330"
"331","原本已一致","100%","https://www.hymnal.net/zh/hymn/ch/331"
"332","原本已一致","98.9%","https://www.hymnal.net/zh/hymn/ch/332"
"333","已修正換行","100%","https://www.hymnal.net/zh/hymn/ch/333"
"334","已修正換行","100%","https://www.hymnal.net/zh/hymn/ch/334"
"335","已修正換行","100%","https://www.hymnal.net/zh/hymn/ch/335"
"336","原本已一致","100%","https://www.hymnal.net/zh/hymn/ch/336"
"337","已修正換行","100%","https://www.hymnal.net/zh/hymn/ch/337"
"338","已修正換行","100%","https://www.hymnal.net/zh/hymn/ch/338"
"339","已修正換行","100%","https://www.hymnal.net/zh/hymn/ch/339"
"340","已修正換行","100%","https://www.hymnal.net/zh/hymn/ch/340"
"341","已修正換行","100%","https://www.hymnal.net/zh/hymn/ch/341"
"342","已修正換行","100%","https://www.hymnal.net/zh/hymn/ch/342"
"343","原本已一致","100%","https://www.hymnal.net/zh/hymn/ch/343"
"344","原本已一致","100%","https://www.hymnal.net/zh/hymn/ch/344"
"345","已修正換行","100%","https://www.hymnal.net/zh/hymn/ch/345"
"346","已修正換行","100%","https://www.hymnal.net/zh/hymn/ch/346"
"347","原本已一致","100%","https://www.hymnal.net/zh/hymn/ch/347"
"348","已修正換行","99.7%","https://www.hymnal.net/zh/hymn/ch/348"
"349","原本已一致","100%","https://www.hymnal.net/zh/hymn/ch/349"
"350","已修正換行","100%","https://www.hymnal.net/zh/hymn/ch/350"
"351","已修正換行","100%","https://www.hymnal.net/zh/hymn/ch/351"
"352","原本已一致","100%","https://www.hymnal.net/zh/hymn/ch/352"
"353","已修正換行","100%","https://www.hymnal.net/zh/hymn/ch/353"
"354","原本已一致","100%","https://www.hymnal.net/zh/hymn/ch/354"
"355","原本已一致","100%","https://www.hymnal.net/zh/hymn/ch/355"
"356","原本已一致","100%","https://www.hymnal.net/zh/hymn/ch/356"
"357","原本已一致","100%","https://www.hymnal.net/zh/hymn/ch/357"
"358","已修正換行","100%","https://www.hymnal.net/zh/hymn/ch/358"
"359","已修正換行","100%","https://www.hymnal.net/zh/hymn/ch/359"
"360","已修正換行","100%","https://www.hymnal.net/zh/hymn/ch/360"
"361","原本已一致","99.7%","https://www.hymnal.net/zh/hymn/ch/361"
"362","已修正換行","100%","https://www.hymnal.net/zh/hymn/ch/362"
"363","已修正換行","100%","https://www.hymnal.net/zh/hymn/ch/363"
"364","原本已一致","100%","https://www.hymnal.net/zh/hymn/ch/364"
"365","已修正換行","100%","https://www.hymnal.net/zh/hymn/ch/365"
"366","已修正換行","100%","https://www.hymnal.net/zh/hymn/ch/366"
"367","原本已一致","100%","https://www.hymnal.net/zh/hymn/ch/367"
"368","原本已一致","100%","https://www.hymnal.net/zh/hymn/ch/368"
"369","原本已一致","100%","https://www.hymnal.net/zh/hymn/ch/369"
"370","原本已一致","100%","https://www.hymnal.net/zh/hymn/ch/370"
"371","原本已一致","100%","https://www.hymnal.net/zh/hymn/ch/371"
"372","原本已一致","100%","https://www.hymnal.net/zh/hymn/ch/372"
"373","原本已一致","100%","https://www.hymnal.net/zh/hymn/ch/373"
"374","已修正換行","100%","https://www.hymnal.net/zh/hymn/ch/374"
"375","原本已一致","100%","https://www.hymnal.net/zh/hymn/ch/375"
"376","原本已一致","100%","https://www.hymnal.net/zh/hymn/ch/376"
"377","原本已一致","100%","https://www.hymnal.net/zh/hymn/ch/377"
"378","已修正換行","100%","https://www.hymnal.net/zh/hymn/ch/378"
"379","已修正換行","100%","https://www.hymnal.net/zh/hymn/ch/379"
"380","已修正換行","100%","https://www.hymnal.net/zh/hymn/ch/380"
"381","原本已一致","100%","https://www.hymnal.net/zh/hymn/ch/381"
"382","已修正換行","100%","https://www.hymnal.net/zh/hymn/ch/382"
"383","原本已一致","100%","https://www.hymnal.net/zh/hymn/ch/383"
"384","已修正換行","100%","https://www.hymnal.net/zh/hymn/ch/384"
"385","原本已一致","99.3%","https://www.hymnal.net/zh/hymn/ch/385"
"386","原本已一致","100%","https://www.hymnal.net/zh/hymn/ch/386"
"387","原本已一致","100%","https://www.hymnal.net/zh/hymn/ch/387"
"388","逐節比對不足，未修改","","https://www.hymnal.net/zh/hymn/ch/388"
"389","原本已一致","100%","https://www.hymnal.net/zh/hymn/ch/389"
"390","已修正換行","100%","https://www.hymnal.net/zh/hymn/ch/390"
"391","原本已一致","100%","https://www.hymnal.net/zh/hymn/ch/391"
"392","原本已一致","100%","https://www.hymnal.net/zh/hymn/ch/392"
"393","原本已一致","100%","https://www.hymnal.net/zh/hymn/ch/393"
"394","已修正換行","100%","https://www.hymnal.net/zh/hymn/ch/394"
"395","已修正換行","100%","https://www.hymnal.net/zh/hymn/ch/395"
"396","原本已一致","100%","https://www.hymnal.net/zh/hymn/ch/396"
"397","已修正換行","100%","https://www.hymnal.net/zh/hymn/ch/397"
"398","已修正換行","100%","https://www.hymnal.net/zh/hymn/ch/398"
"399","已修正換行","100%","https://www.hymnal.net/zh/hymn/ch/399"
"400","已修正換行","100%","https://www.hymnal.net/zh/hymn/ch/400"
"401","已修正換行","100%","https://www.hymnal.net/zh/hymn/ch/401"
"402","原本已一致","100%","https://www.hymnal.net/zh/hymn/ch/402"
"403","已修正換行","100%","https://www.hymnal.net/zh/hymn/ch/403"
"404","已修正換行","100%","https://www.hymnal.net/zh/hymn/ch/404"
"405","原本已一致","100%","https://www.hymnal.net/zh/hymn/ch/405"
"406","已修正換行","100%","https://www.hymnal.net/zh/hymn/ch/406"
"407","原本已一致","100%","https://www.hymnal.net/zh/hymn/ch/407"
"408","原本已一致","100%","https://www.hymnal.net/zh/hymn/ch/408"
"409","原本已一致","100%","https://www.hymnal.net/zh/hymn/ch/409"
"410","原本已一致","100%","https://www.hymnal.net/zh/hymn/ch/410"
"411","已修正換行","100%","https://www.hymnal.net/zh/hymn/ch/411"
"412","已修正換行","100%","https://www.hymnal.net/zh/hymn/ch/412"
"413","已修正換行","100%","https://www.hymnal.net/zh/hymn/ch/413"
"414","原本已一致","100%","https://www.hymnal.net/zh/hymn/ch/414"
"415","原本已一致","100%","https://www.hymnal.net/zh/hymn/ch/415"
"416","已修正換行","100%","https://www.hymnal.net/zh/hymn/ch/416"
"417","原本已一致","100%","https://www.hymnal.net/zh/hymn/ch/417"
"418","原本已一致","100%","https://www.hymnal.net/zh/hymn/ch/418"
"419","原本已一致","100%","https://www.hymnal.net/zh/hymn/ch/419"
"420","原本已一致","100%","https://www.hymnal.net/zh/hymn/ch/420"
"421","原本已一致","99.7%","https://www.hymnal.net/zh/hymn/ch/421"
"422","原本已一致","99.7%","https://www.hymnal.net/zh/hymn/ch/422"
"423","原本已一致","100%","https://www.hymnal.net/zh/hymn/ch/423"
"424","原本已一致","100%","https://www.hymnal.net/zh/hymn/ch/424"
"425","原本已一致","100%","https://www.hymnal.net/zh/hymn/ch/425"
"426","已修正換行","100%","https://www.hymnal.net/zh/hymn/ch/426"
"427","已修正換行","100%","https://www.hymnal.net/zh/hymn/ch/427"
"428","已修正換行","100%","https://www.hymnal.net/zh/hymn/ch/428"
"429","原本已一致","100%","https://www.hymnal.net/zh/hymn/ch/429"
"430","已修正換行","100%","https://www.hymnal.net/zh/hymn/ch/430"
"431","原本已一致","100%","https://www.hymnal.net/zh/hymn/ch/431"
"432","已修正換行","100%","https://www.hymnal.net/zh/hymn/ch/432"
"433","已修正換行","100%","https://www.hymnal.net/zh/hymn/ch/433"
"434","原本已一致","100%","https://www.hymnal.net/zh/hymn/ch/434"
"435","原本已一致","100%","https://www.hymnal.net/zh/hymn/ch/435"
"436","已修正換行","100%","https://www.hymnal.net/zh/hymn/ch/436"
"437","已修正換行","100%","https://www.hymnal.net/zh/hymn/ch/437"
"438","已修正換行","100%","https://www.hymnal.net/zh/hymn/ch/438"
"439","已修正換行","100%","https://www.hymnal.net/zh/hymn/ch/439"
"440","已修正換行","100%","https://www.hymnal.net/zh/hymn/ch/440"
"441","原本已一致","100%","https://www.hymnal.net/zh/hymn/ch/441"
"442","已修正換行","100%","https://www.hymnal.net/zh/hymn/ch/442"
"443","已修正換行","100%","https://www.hymnal.net/zh/hymn/ch/443"
"444","原本已一致","100%","https://www.hymnal.net/zh/hymn/ch/444"
"445","原本已一致","100%","https://www.hymnal.net/zh/hymn/ch/445"
"446","原本已一致","100%","https://www.hymnal.net/zh/hymn/ch/446"
"447","已修正換行","100%","https://www.hymnal.net/zh/hymn/ch/447"
"448","原本已一致","100%","https://www.hymnal.net/zh/hymn/ch/448"
"449","已修正換行","100%","https://www.hymnal.net/zh/hymn/ch/449"
"450","已修正換行","100%","https://www.hymnal.net/zh/hymn/ch/450"
"451","已修正換行","100%","https://www.hymnal.net/zh/hymn/ch/451"
"452","原本已一致","100%","https://www.hymnal.net/zh/hymn/ch/452"
"453","原本已一致","100%","https://www.hymnal.net/zh/hymn/ch/453"
"454","已修正換行","100%","https://www.hymnal.net/zh/hymn/ch/454"
"455","原本已一致","98.8%","https://www.hymnal.net/zh/hymn/ch/455"
"456","已修正換行","100%","https://www.hymnal.net/zh/hymn/ch/456"
"457","已修正換行","100%","https://www.hymnal.net/zh/hymn/ch/457"
"458","已修正換行","100%","https://www.hymnal.net/zh/hymn/ch/458"
"459","原本已一致","100%","https://www.hymnal.net/zh/hymn/ch/459"
"460","原本已一致","100%","https://www.hymnal.net/zh/hymn/ch/460"
"461","原本已一致","100%","https://www.hymnal.net/zh/hymn/ch/461"
"462","已修正換行","100%","https://www.hymnal.net/zh/hymn/ch/462"
"463","原本已一致","100%","https://www.hymnal.net/zh/hymn/ch/463"
"464","已修正換行","100%","https://www.hymnal.net/zh/hymn/ch/464"
"465","逐節比對不足，未修改","","https://www.hymnal.net/zh/hymn/ch/465"
"466","原本已一致","100%","https://www.hymnal.net/zh/hymn/ch/466"
"467","原本已一致","100%","https://www.hymnal.net/zh/hymn/ch/467"
"468","原本已一致","100%","https://www.hymnal.net/zh/hymn/ch/468"
"469","原本已一致","100%","https://www.hymnal.net/zh/hymn/ch/469"
"470","已修正換行","100%","https://www.hymnal.net/zh/hymn/ch/470"
"471","原本已一致","100%","https://www.hymnal.net/zh/hymn/ch/471"
"472","已修正換行","97.1%","https://www.hymnal.net/zh/hymn/ch/472"
"473","原本已一致","100%","https://www.hymnal.net/zh/hymn/ch/473"
"474","原本已一致","100%","https://www.hymnal.net/zh/hymn/ch/474"
"475","已修正換行","100%","https://www.hymnal.net/zh/hymn/ch/475"
"476","原本已一致","100%","https://www.hymnal.net/zh/hymn/ch/476"
"477","原本已一致","100%","https://www.hymnal.net/zh/hymn/ch/477"
"478","原本已一致","100%","https://www.hymnal.net/zh/hymn/ch/478"
"479","已修正換行","100%","https://www.hymnal.net/zh/hymn/ch/479"
"480","原本已一致","100%","https://www.hymnal.net/zh/hymn/ch/480"
"481","原本已一致","100%","https://www.hymnal.net/zh/hymn/ch/481"
"482","已修正換行","100%","https://www.hymnal.net/zh/hymn/ch/482"
"483","原本已一致","100%","https://www.hymnal.net/zh/hymn/ch/483"
"484","原本已一致","100%","https://www.hymnal.net/zh/hymn/ch/484"
"485","逐節比對不足，未修改","","https://www.hymnal.net/zh/hymn/ch/485"
"486","原本已一致","100%","https://www.hymnal.net/zh/hymn/ch/486"
"487","原本已一致","100%","https://www.hymnal.net/zh/hymn/ch/487"
"488","已修正換行","100%","https://www.hymnal.net/zh/hymn/ch/488"
"489","已修正換行","100%","https://www.hymnal.net/zh/hymn/ch/489"
"490","原本已一致","100%","https://www.hymnal.net/zh/hymn/ch/490"
"491","已修正換行","100%","https://www.hymnal.net/zh/hymn/ch/491"
"492","已修正換行","100%","https://www.hymnal.net/zh/hymn/ch/492"
"493","已修正換行","100%","https://www.hymnal.net/zh/hymn/ch/493"
"494","已修正換行","100%","https://www.hymnal.net/zh/hymn/ch/494"
"495","已修正換行","100%","https://www.hymnal.net/zh/hymn/ch/495"
"496","已修正換行","100%","https://www.hymnal.net/zh/hymn/ch/496"
"497","已修正換行","100%","https://www.hymnal.net/zh/hymn/ch/497"
"498","已修正換行","100%","https://www.hymnal.net/zh/hymn/ch/498"
"499","原本已一致","100%","https://www.hymnal.net/zh/hymn/ch/499"
"500","原本已一致","100%","https://www.hymnal.net/zh/hymn/ch/500"
"501","已修正換行","100%","https://www.hymnal.net/zh/hymn/ch/501"
"502","原本已一致","100%","https://www.hymnal.net/zh/hymn/ch/502"
"503","已修正換行","100%","https://www.hymnal.net/zh/hymn/ch/503"
"504","已修正換行","100%","https://www.hymnal.net/zh/hymn/ch/504"
"505","原本已一致","100%","https://www.hymnal.net/zh/hymn/ch/505"
"506","原本已一致","100%","https://www.hymnal.net/zh/hymn/ch/506"
"507","原本已一致","100%","https://www.hymnal.net/zh/hymn/ch/507"
"508","原本已一致","100%","https://www.hymnal.net/zh/hymn/ch/508"
"509","已修正換行","100%","https://www.hymnal.net/zh/hymn/ch/509"
"510","已修正換行","100%","https://www.hymnal.net/zh/hymn/ch/510"
"511","原本已一致","100%","https://www.hymnal.net/zh/hymn/ch/511"
"512","原本已一致","99.6%","https://www.hymnal.net/zh/hymn/ch/512"
"513","已修正換行","100%","https://www.hymnal.net/zh/hymn/ch/513"
"514","已修正換行","100%","https://www.hymnal.net/zh/hymn/ch/514"
"515","已修正換行","100%","https://www.hymnal.net/zh/hymn/ch/515"
"516","已修正換行","100%","https://www.hymnal.net/zh/hymn/ch/516"
"517","已修正換行","100%","https://www.hymnal.net/zh/hymn/ch/517"
"518","已修正換行","100%","https://www.hymnal.net/zh/hymn/ch/518"
"519","已修正換行","100%","https://www.hymnal.net/zh/hymn/ch/519"
"520","已修正換行","100%","https://www.hymnal.net/zh/hymn/ch/520"
"521","已修正換行","100%","https://www.hymnal.net/zh/hymn/ch/521"
"522","原本已一致","98.1%","https://www.hymnal.net/zh/hymn/ch/522"
"523","已修正換行","100%","https://www.hymnal.net/zh/hymn/ch/523"
"524","原本已一致","100%","https://www.hymnal.net/zh/hymn/ch/524"
"525","原本已一致","100%","https://www.hymnal.net/zh/hymn/ch/525"
"526","已修正換行","100%","https://www.hymnal.net/zh/hymn/ch/526"
"527","已修正換行","100%","https://www.hymnal.net/zh/hymn/ch/527"
"528","原本已一致","100%","https://www.hymnal.net/zh/hymn/ch/528"
"529","原本已一致","100%","https://www.hymnal.net/zh/hymn/ch/529"
"530","原本已一致","100%","https://www.hymnal.net/zh/hymn/ch/530"
"531","已修正換行","100%","https://www.hymnal.net/zh/hymn/ch/531"
"532","原本已一致","99.7%","https://www.hymnal.net/zh/hymn/ch/532"
"533","原本已一致","100%","https://www.hymnal.net/zh/hymn/ch/533"
"534","原本已一致","99.6%","https://www.hymnal.net/zh/hymn/ch/534"
"535","已修正換行","100%","https://www.hymnal.net/zh/hymn/ch/535"
"536","原本已一致","100%","https://www.hymnal.net/zh/hymn/ch/536"
"537","原本已一致","100%","https://www.hymnal.net/zh/hymn/ch/537"
"538","原本已一致","100%","https://www.hymnal.net/zh/hymn/ch/538"
"539","原本已一致","100%","https://www.hymnal.net/zh/hymn/ch/539"
"540","原本已一致","100%","https://www.hymnal.net/zh/hymn/ch/540"
"541","原本已一致","100%","https://www.hymnal.net/zh/hymn/ch/541"
"542","原本已一致","100%","https://www.hymnal.net/zh/hymn/ch/542"
"543","原本已一致","100%","https://www.hymnal.net/zh/hymn/ch/543"
"544","原本已一致","100%","https://www.hymnal.net/zh/hymn/ch/544"
"545","原本已一致","100%","https://www.hymnal.net/zh/hymn/ch/545"
"546","已修正換行","100%","https://www.hymnal.net/zh/hymn/ch/546"
"547","原本已一致","100%","https://www.hymnal.net/zh/hymn/ch/547"
"548","已修正換行","100%","https://www.hymnal.net/zh/hymn/ch/548"
"549","已修正換行","100%","https://www.hymnal.net/zh/hymn/ch/549"
"550","已修正換行","100%","https://www.hymnal.net/zh/hymn/ch/550"
"551","原本已一致","100%","https://www.hymnal.net/zh/hymn/ch/551"
"552","已修正換行","100%","https://www.hymnal.net/zh/hymn/ch/552"
"553","已修正換行","100%","https://www.hymnal.net/zh/hymn/ch/553"
"554","原本已一致","100%","https://www.hymnal.net/zh/hymn/ch/554"
"555","已修正換行","100%","https://www.hymnal.net/zh/hymn/ch/555"
"556","原本已一致","99.6%","https://www.hymnal.net/zh/hymn/ch/556"
"557","原本已一致","100%","https://www.hymnal.net/zh/hymn/ch/557"
"558","原本已一致","100%","https://www.hymnal.net/zh/hymn/ch/558"
"559","已修正換行","100%","https://www.hymnal.net/zh/hymn/ch/559"
"560","原本已一致","100%","https://www.hymnal.net/zh/hymn/ch/560"
"561","原本已一致","100%","https://www.hymnal.net/zh/hymn/ch/561"
"562","原本已一致","100%","https://www.hymnal.net/zh/hymn/ch/562"
"563","已修正換行","100%","https://www.hymnal.net/zh/hymn/ch/563"
"564","已修正換行","100%","https://www.hymnal.net/zh/hymn/ch/564"
"565","原本已一致","100%","https://www.hymnal.net/zh/hymn/ch/565"
"566","原本已一致","100%","https://www.hymnal.net/zh/hymn/ch/566"
"567","原本已一致","100%","https://www.hymnal.net/zh/hymn/ch/567"
"568","已修正換行","100%","https://www.hymnal.net/zh/hymn/ch/568"
"569","原本已一致","100%","https://www.hymnal.net/zh/hymn/ch/569"
"570","已修正換行","100%","https://www.hymnal.net/zh/hymn/ch/570"
"571","原本已一致","100%","https://www.hymnal.net/zh/hymn/ch/571"
"572","已修正換行","100%","https://www.hymnal.net/zh/hymn/ch/572"
"573","已修正換行","100%","https://www.hymnal.net/zh/hymn/ch/573"
"574","原本已一致","100%","https://www.hymnal.net/zh/hymn/ch/574"
"575","原本已一致","100%","https://www.hymnal.net/zh/hymn/ch/575"
"576","已修正換行","100%","https://www.hymnal.net/zh/hymn/ch/576"
"577","原本已一致","100%","https://www.hymnal.net/zh/hymn/ch/577"
"578","原本已一致","100%","https://www.hymnal.net/zh/hymn/ch/578"
"579","原本已一致","100%","https://www.hymnal.net/zh/hymn/ch/579"
"580","原本已一致","100%","https://www.hymnal.net/zh/hymn/ch/580"
"581","已修正換行","99.6%","https://www.hymnal.net/zh/hymn/ch/581"
"582","已修正換行","100%","https://www.hymnal.net/zh/hymn/ch/582"
"583","已修正換行","100%","https://www.hymnal.net/zh/hymn/ch/583"
"584","原本已一致","100%","https://www.hymnal.net/zh/hymn/ch/584"
"585","原本已一致","100%","https://www.hymnal.net/zh/hymn/ch/585"
"586","已修正換行","100%","https://www.hymnal.net/zh/hymn/ch/586"
"587","原本已一致","100%","https://www.hymnal.net/zh/hymn/ch/587"
"588","原本已一致","100%","https://www.hymnal.net/zh/hymn/ch/588"
"589","原本已一致","99.7%","https://www.hymnal.net/zh/hymn/ch/589"
"590","原本已一致","99.6%","https://www.hymnal.net/zh/hymn/ch/590"
"591","原本已一致","100%","https://www.hymnal.net/zh/hymn/ch/591"
"592","原本已一致","100%","https://www.hymnal.net/zh/hymn/ch/592"
"593","原本已一致","100%","https://www.hymnal.net/zh/hymn/ch/593"
"594","已修正換行","100%","https://www.hymnal.net/zh/hymn/ch/594"
"595","原本已一致","100%","https://www.hymnal.net/zh/hymn/ch/595"
"596","已修正換行","99.8%","https://www.hymnal.net/zh/hymn/ch/596"
"597","已修正換行","100%","https://www.hymnal.net/zh/hymn/ch/597"
"598","原本已一致","100%","https://www.hymnal.net/zh/hymn/ch/598"
"599","原本已一致","100%","https://www.hymnal.net/zh/hymn/ch/599"
"600","原本已一致","100%","https://www.hymnal.net/zh/hymn/ch/600"
"601","原本已一致","100%","https://www.hymnal.net/zh/hymn/ch/601"
"602","原本已一致","100%","https://www.hymnal.net/zh/hymn/ch/602"
"603","原本已一致","100%","https://www.hymnal.net/zh/hymn/ch/603"
"604","原本已一致","100%","https://www.hymnal.net/zh/hymn/ch/604"
"605","原本已一致","100%","https://www.hymnal.net/zh/hymn/ch/605"
"606","原本已一致","100%","https://www.hymnal.net/zh/hymn/ch/606"
"607","已修正換行","100%","https://www.hymnal.net/zh/hymn/ch/607"
"608","原本已一致","100%","https://www.hymnal.net/zh/hymn/ch/608"
"609","原本已一致","100%","https://www.hymnal.net/zh/hymn/ch/609"
"610","已修正換行","100%","https://www.hymnal.net/zh/hymn/ch/610"
"611","原本已一致","100%","https://www.hymnal.net/zh/hymn/ch/611"
"612","已修正換行","100%","https://www.hymnal.net/zh/hymn/ch/612"
"613","已修正換行","100%","https://www.hymnal.net/zh/hymn/ch/613"
"614","原本已一致","100%","https://www.hymnal.net/zh/hymn/ch/614"
"615","原本已一致","100%","https://www.hymnal.net/zh/hymn/ch/615"
"616","原本已一致","100%","https://www.hymnal.net/zh/hymn/ch/616"
"617","已修正換行","100%","https://www.hymnal.net/zh/hymn/ch/617"
"618","原本已一致","100%","https://www.hymnal.net/zh/hymn/ch/618"
"619","已修正換行","100%","https://www.hymnal.net/zh/hymn/ch/619"
"620","原本已一致","100%","https://www.hymnal.net/zh/hymn/ch/620"
"621","逐節比對不足，未修改","","https://www.hymnal.net/zh/hymn/ch/621"
"622","原本已一致","100%","https://www.hymnal.net/zh/hymn/ch/622"
"623","原本已一致","100%","https://www.hymnal.net/zh/hymn/ch/623"
"624","已修正換行","100%","https://www.hymnal.net/zh/hymn/ch/624"
"625","原本已一致","100%","https://www.hymnal.net/zh/hymn/ch/625"
"626","原本已一致","100%","https://www.hymnal.net/zh/hymn/ch/626"
"627","已修正換行","100%","https://www.hymnal.net/zh/hymn/ch/627"
"628","原本已一致","100%","https://www.hymnal.net/zh/hymn/ch/628"
"629","原本已一致","100%","https://www.hymnal.net/zh/hymn/ch/629"
"630","已修正換行","100%","https://www.hymnal.net/zh/hymn/ch/630"
"631","已修正換行","100%","https://www.hymnal.net/zh/hymn/ch/631"
"632","原本已一致","99.6%","https://www.hymnal.net/zh/hymn/ch/632"
"633","已修正換行","100%","https://www.hymnal.net/zh/hymn/ch/633"
"634","原本已一致","100%","https://www.hymnal.net/zh/hymn/ch/634"
"635","已修正換行","100%","https://www.hymnal.net/zh/hymn/ch/635"
"636","原本已一致","100%","https://www.hymnal.net/zh/hymn/ch/636"
"637","已修正換行","100%","https://www.hymnal.net/zh/hymn/ch/637"
"638","原本已一致","100%","https://www.hymnal.net/zh/hymn/ch/638"
"639","原本已一致","100%","https://www.hymnal.net/zh/hymn/ch/639"
"640","已修正換行","100%","https://www.hymnal.net/zh/hymn/ch/640"
"641","原本已一致","100%","https://www.hymnal.net/zh/hymn/ch/641"
"642","原本已一致","100%","https://www.hymnal.net/zh/hymn/ch/642"
"643","原本已一致","100%","https://www.hymnal.net/zh/hymn/ch/643"
"644","已修正換行","100%","https://www.hymnal.net/zh/hymn/ch/644"
"645","原本已一致","100%","https://www.hymnal.net/zh/hymn/ch/645"
"646","已修正換行","100%","https://www.hymnal.net/zh/hymn/ch/646"
"647","已修正換行","100%","https://www.hymnal.net/zh/hymn/ch/647"
"648","已修正換行","100%","https://www.hymnal.net/zh/hymn/ch/648"
"649","已修正換行","100%","https://www.hymnal.net/zh/hymn/ch/649"
"650","原本已一致","100%","https://www.hymnal.net/zh/hymn/ch/650"
"651","已修正換行","100%","https://www.hymnal.net/zh/hymn/ch/651"
"652","已修正換行","100%","https://www.hymnal.net/zh/hymn/ch/652"
"653","已修正換行","100%","https://www.hymnal.net/zh/hymn/ch/653"
"654","原本已一致","100%","https://www.hymnal.net/zh/hymn/ch/654"
"655","原本已一致","100%","https://www.hymnal.net/zh/hymn/ch/655"
"656","已修正換行","100%","https://www.hymnal.net/zh/hymn/ch/656"
"657","已修正換行","100%","https://www.hymnal.net/zh/hymn/ch/657"
"658","已修正換行","100%","https://www.hymnal.net/zh/hymn/ch/658"
"659","已修正換行","100%","https://www.hymnal.net/zh/hymn/ch/659"
"660","原本已一致","100%","https://www.hymnal.net/zh/hymn/ch/660"
"661","原本已一致","100%","https://www.hymnal.net/zh/hymn/ch/661"
"662","已修正換行","100%","https://www.hymnal.net/zh/hymn/ch/662"
"663","已修正換行","100%","https://www.hymnal.net/zh/hymn/ch/663"
"664","原本已一致","100%","https://www.hymnal.net/zh/hymn/ch/664"
"665","已修正換行","100%","https://www.hymnal.net/zh/hymn/ch/665"
"666","已修正換行","100%","https://www.hymnal.net/zh/hymn/ch/666"
"667","已修正換行","100%","https://www.hymnal.net/zh/hymn/ch/667"
"668","已修正換行","100%","https://www.hymnal.net/zh/hymn/ch/668"
"669","已修正換行","100%","https://www.hymnal.net/zh/hymn/ch/669"
"670","原本已一致","100%","https://www.hymnal.net/zh/hymn/ch/670"
"671","已修正換行","100%","https://www.hymnal.net/zh/hymn/ch/671"
"672","已修正換行","100%","https://www.hymnal.net/zh/hymn/ch/672"
"673","已修正換行","100%","https://www.hymnal.net/zh/hymn/ch/673"
"674","已修正換行","100%","https://www.hymnal.net/zh/hymn/ch/674"
"675","已修正換行","100%","https://www.hymnal.net/zh/hymn/ch/675"
"676","原本已一致","100%","https://www.hymnal.net/zh/hymn/ch/676"
"677","原本已一致","100%","https://www.hymnal.net/zh/hymn/ch/677"
"678","原本已一致","100%","https://www.hymnal.net/zh/hymn/ch/678"
"679","已修正換行","100%","https://www.hymnal.net/zh/hymn/ch/679"
"680","已修正換行","100%","https://www.hymnal.net/zh/hymn/ch/680"
"681","已修正換行","100%","https://www.hymnal.net/zh/hymn/ch/681"
"682","已修正換行","100%","https://www.hymnal.net/zh/hymn/ch/682"
"683","原本已一致","100%","https://www.hymnal.net/zh/hymn/ch/683"
"684","已修正換行","100%","https://www.hymnal.net/zh/hymn/ch/684"
"685","已修正換行","100%","https://www.hymnal.net/zh/hymn/ch/685"
"686","原本已一致","100%","https://www.hymnal.net/zh/hymn/ch/686"
"687","已修正換行","100%","https://www.hymnal.net/zh/hymn/ch/687"
"688","已修正換行","100%","https://www.hymnal.net/zh/hymn/ch/688"
"689","原本已一致","100%","https://www.hymnal.net/zh/hymn/ch/689"
"690","原本已一致","100%","https://www.hymnal.net/zh/hymn/ch/690"
"691","已修正換行","100%","https://www.hymnal.net/zh/hymn/ch/691"
"692","已修正換行","100%","https://www.hymnal.net/zh/hymn/ch/692"
"693","原本已一致","100%","https://www.hymnal.net/zh/hymn/ch/693"
"694","原本已一致","100%","https://www.hymnal.net/zh/hymn/ch/694"
"695","已修正換行","100%","https://www.hymnal.net/zh/hymn/ch/695"
"696","原本已一致","100%","https://www.hymnal.net/zh/hymn/ch/696"
"697","原本已一致","100%","https://www.hymnal.net/zh/hymn/ch/697"
"698","原本已一致","100%","https://www.hymnal.net/zh/hymn/ch/698"
"699","原本已一致","100%","https://www.hymnal.net/zh/hymn/ch/699"
"700","原本已一致","100%","https://www.hymnal.net/zh/hymn/ch/700"
"701","已修正換行","100%","https://www.hymnal.net/zh/hymn/ch/701"
"702","原本已一致","100%","https://www.hymnal.net/zh/hymn/ch/702"
"703","原本已一致","100%","https://www.hymnal.net/zh/hymn/ch/703"
"704","原本已一致","100%","https://www.hymnal.net/zh/hymn/ch/704"
"705","原本已一致","100%","https://www.hymnal.net/zh/hymn/ch/705"
"706","已修正換行","100%","https://www.hymnal.net/zh/hymn/ch/706"
"707","原本已一致","100%","https://www.hymnal.net/zh/hymn/ch/707"
"708","已修正換行","100%","https://www.hymnal.net/zh/hymn/ch/708"
"709","已修正換行","100%","https://www.hymnal.net/zh/hymn/ch/709"
"710","原本已一致","100%","https://www.hymnal.net/zh/hymn/ch/710"
"711","已修正換行","100%","https://www.hymnal.net/zh/hymn/ch/711"
"712","逐節比對不足，未修改","","https://www.hymnal.net/zh/hymn/ch/712"
"713","已修正換行","100%","https://www.hymnal.net/zh/hymn/ch/713"
"714","原本已一致","100%","https://www.hymnal.net/zh/hymn/ch/714"
"715","已修正換行","100%","https://www.hymnal.net/zh/hymn/ch/715"
"716","已修正換行","100%","https://www.hymnal.net/zh/hymn/ch/716"
"717","逐節比對不足，未修改","","https://www.hymnal.net/zh/hymn/ch/717"
"718","已修正換行","100%","https://www.hymnal.net/zh/hymn/ch/718"
"719","已修正換行","100%","https://www.hymnal.net/zh/hymn/ch/719"
"720","已修正換行","100%","https://www.hymnal.net/zh/hymn/ch/720"
"721","已修正換行","100%","https://www.hymnal.net/zh/hymn/ch/721"
"722","已修正換行","100%","https://www.hymnal.net/zh/hymn/ch/722"
"723","已修正換行","100%","https://www.hymnal.net/zh/hymn/ch/723"
"724","原本已一致","100%","https://www.hymnal.net/zh/hymn/ch/724"
"725","原本已一致","100%","https://www.hymnal.net/zh/hymn/ch/725"
"726","已修正換行","100%","https://www.hymnal.net/zh/hymn/ch/726"
"727","已修正換行","100%","https://www.hymnal.net/zh/hymn/ch/727"
"728","已修正換行","100%","https://www.hymnal.net/zh/hymn/ch/728"
"729","原本已一致","100%","https://www.hymnal.net/zh/hymn/ch/729"
"730","已修正換行","100%","https://www.hymnal.net/zh/hymn/ch/730"
"731","已修正換行","100%","https://www.hymnal.net/zh/hymn/ch/731"
"732","逐節比對不足，未修改","","https://www.hymnal.net/zh/hymn/ch/732"
"733","已修正換行","100%","https://www.hymnal.net/zh/hymn/ch/733"
"734","已修正換行","100%","https://www.hymnal.net/zh/hymn/ch/734"
"735","已修正換行","100%","https://www.hymnal.net/zh/hymn/ch/735"
"736","已修正換行","100%","https://www.hymnal.net/zh/hymn/ch/736"
"737","已修正換行","100%","https://www.hymnal.net/zh/hymn/ch/737"
"738","已修正換行","100%","https://www.hymnal.net/zh/hymn/ch/738"
"739","已修正換行","100%","https://www.hymnal.net/zh/hymn/ch/739"
"740","原本已一致","100%","https://www.hymnal.net/zh/hymn/ch/740"
"741","原本已一致","100%","https://www.hymnal.net/zh/hymn/ch/741"
"742","原本已一致","99.4%","https://www.hymnal.net/zh/hymn/ch/742"
"743","原本已一致","100%","https://www.hymnal.net/zh/hymn/ch/743"
"744","原本已一致","100%","https://www.hymnal.net/zh/hymn/ch/744"
"745","原本已一致","100%","https://www.hymnal.net/zh/hymn/ch/745"
"746","原本已一致","100%","https://www.hymnal.net/zh/hymn/ch/746"
"747","原本已一致","100%","https://www.hymnal.net/zh/hymn/ch/747"
"748","原本已一致","99.7%","https://www.hymnal.net/zh/hymn/ch/748"
"749","原本已一致","100%","https://www.hymnal.net/zh/hymn/ch/749"
"750","逐節比對不足，未修改","","https://www.hymnal.net/zh/hymn/ch/750"
"751","原本已一致","100%","https://www.hymnal.net/zh/hymn/ch/751"
"752","已修正換行","100%","https://www.hymnal.net/zh/hymn/ch/752"
"753","原本已一致","100%","https://www.hymnal.net/zh/hymn/ch/753"
"754","已修正換行","100%","https://www.hymnal.net/zh/hymn/ch/754"
"755","已修正換行","100%","https://www.hymnal.net/zh/hymn/ch/755"
"756","原本已一致","100%","https://www.hymnal.net/zh/hymn/ch/756"
"757","已修正換行","100%","https://www.hymnal.net/zh/hymn/ch/757"
"758","逐節比對不足，未修改","","https://www.hymnal.net/zh/hymn/ch/758"
"759","原本已一致","100%","https://www.hymnal.net/zh/hymn/ch/759"
"760","已修正換行","100%","https://www.hymnal.net/zh/hymn/ch/760"
"761","已修正換行","100%","https://www.hymnal.net/zh/hymn/ch/761"
"762","已修正換行","100%","https://www.hymnal.net/zh/hymn/ch/762"
"763","已修正換行","100%","https://www.hymnal.net/zh/hymn/ch/763"
"764","已修正換行","100%","https://www.hymnal.net/zh/hymn/ch/764"
"765","原本已一致","100%","https://www.hymnal.net/zh/hymn/ch/765"
"766","已修正換行","100%","https://www.hymnal.net/zh/hymn/ch/766"
"767","原本已一致","100%","https://www.hymnal.net/zh/hymn/ch/767"
"768","原本已一致","100%","https://www.hymnal.net/zh/hymn/ch/768"
"769","原本已一致","100%","https://www.hymnal.net/zh/hymn/ch/769"
"770","已修正換行","100%","https://www.hymnal.net/zh/hymn/ch/770"
"771","已修正換行","100%","https://www.hymnal.net/zh/hymn/ch/771"
"772","逐節比對不足，未修改","","https://www.hymnal.net/zh/hymn/ch/772"
"773","已修正換行","100%","https://www.hymnal.net/zh/hymn/ch/773"
"774","已修正換行","100%","https://www.hymnal.net/zh/hymn/ch/774"
"775","已修正換行","100%","https://www.hymnal.net/zh/hymn/ch/775"
"776","原本已一致","100%","https://www.hymnal.net/zh/hymn/ch/776"
"777","已修正換行","100%","https://www.hymnal.net/zh/hymn/ch/777"
"778","原本已一致","100%","https://www.hymnal.net/zh/hymn/ch/778"
"779","原本已一致","100%","https://www.hymnal.net/zh/hymn/ch/779"
"780","原本已一致","100%","https://www.hymnal.net/zh/hymn/ch/780"
